USE smpn_1_silaen;
/*---DATA KELAS---*/

INSERT INTO kelas VALUES ('7A', "AS", 20, "dodi");
INSERT INTO kelas VALUES ('7B', "LP", 20, "iwan");
INSERT INTO kelas VALUES ('7C', "SSH", 25, "jose");
INSERT INTO kelas VALUES ('7D', "ZL", 21, "dedi");
INSERT INTO kelas VALUES ('7E', "TT", 22, "ando");

INSERT INTO kelas VALUES ('8C', "S.Sihombing", 22, "jose");
INSERT INTO kelas VALUES ('8A', "B. Situmorang", 21, "simon");
INSERT INTO kelas VALUES ('8B', "R. Lumbantoruan", 22, "ebenezer");
INSERT INTO kelas VALUES ('8D', "A. Nababan", 25, "Rizky");
INSERT INTO kelas VALUES ('8E', "B. hutasoit", 21, "Ari");

INSERT INTO kelas VALUES ('9A', "D. Sihombing", 21, "yesi");
INSERT INTO kelas VALUES ('9B', "H. Pardede", 22, "lusi");
INSERT INTO kelas VALUES ('9C', "B. Sinaga", 22, "beni");
INSERT INTO kelas VALUES ('9D', "L. Sihotang", 25, "david");
INSERT INTO kelas VALUES ('9E', "B. hutasoit", 21, "aldi");

/*---DATA ORANGTUA---*/
INSERT INTO orangtua VALUES (111110, 000001, "Hasoloan", "Programmer", '20000000', '081234534656', "Laguboti", 000002, "Teresha", "Designer Website", '12000000', '082234123345');
INSERT INTO orangtua VALUES (111111, 000003, "Albert", "Pengusaha", '15000000', '081384534659', "Sirongit", 000004, "Chelsy", "Wiraswasta", '15000000', '085634123345');
INSERT INTO orangtua VALUES (111112, 000005, "Putra", "Dosen", '16000000', '082384567653', "Dolok Sanggul", 000006, "Hernael", "Dosen", '16000000', '087734021346');
INSERT INTO orangtua VALUES (111113, 000007, "Shawn", "Artis", '10000000', '085389984658', "Laguboti", 000008, "Febiola", "Artis", '10000000', '082238873351');
INSERT INTO orangtua VALUES (111114, 000009, "Davin", "Wiraswasta", '12000000', '082399844663', "Laguboti", 000000, "Ison", "Wiraswasta", '12000000', '082238224567');
INSERT INTO orangtua VALUES (111115, 000010, "Nael", "Guru", '8000000', '082384738218', "Silaen", 000011, "Yola", "Bidan", '8000000', '082245723349');
INSERT INTO orangtua VALUES (111116, 000012, "Febri", "Dosen", '10000000', '085374589300', "Porsea", 000013, "Febby", "Dokter", '12000000', '082266234980');
INSERT INTO orangtua VALUES (111117, 000014, "Anas", "Dokter", '10000000', '081278993459', "Sigumpar", 000015, "Irene", "Sales", '5000000', '082272336457');
INSERT INTO orangtua VALUES (111118, 000016, "Anang", "Artis", '10000000', '081389009873', "Sigumpar", 000017, "Ashanti", "Model", '15000000', '08231233667783');
INSERT INTO orangtua VALUES (111119, 000018, "Gunawan", "Dokter", '16000000', '085233889032', "Silimbat", 000019, "Desy", "Wiraswasta", '15000000', '082357890451');
INSERT INTO orangtua VALUES (111120, 000020, "Herry", "Reporter", '12000000', '081388094347', "Porsea", 000021, "Octavia", "Designer", '10000000', '082312458097');
INSERT INTO orangtua VALUES (111121, 000022, "Justin", "PNS", '20000000', '081234534656', "Laguboti", 000023, "Selli", "Designer Website", '12000000', '082234123345');
INSERT INTO orangtua VALUES (111122, 000024, "dani", "Pengusaha", '15000000', '081384534659', "Sirongit", 000025, "Tia", "Wiraswasta", '15000000', '085634123345');
INSERT INTO orangtua VALUES (111123, 000026, "boni", "Dosen", '16000000', '082384567653', "Dolok Sanggul", 000027, "Lia", "Dosen", '16000000', '087734021346');
INSERT INTO orangtua VALUES (111124, 000028, "Mail", "Artis", '10000000', '085389984658', "Laguboti", 000029, "Bunga", "Artis", '10000000', '082238873351');
INSERT INTO orangtua VALUES (111125, 000030, "ahmad", "Wiraswasta", '12000000', '082399844663', "Laguboti", 000031, "Susi", "Wiraswasta", '12000000', '082238224567');
INSERT INTO orangtua VALUES (111126, 000032, "gani", "Guru", '8000000', '082384738218', "Silaen", 000033, "santi", "Bidan", '8000000', '082245723349');
INSERT INTO orangtua VALUES (111127, 000034, "gading", "Dosen", '10000000', '085374589300', "Porsea", 000035, "grace", "Dokter", '12000000', '082266234980');
INSERT INTO orangtua VALUES (111128, 000036, "martin", "Dokter", '10000000', '081278993459', "Sigumpar", 000037, "hanin", "Sales", '5000000', '082272336457');
INSERT INTO orangtua VALUES (111129, 000038, "moses", "Dokter", '10000000', '081278993459', "Sigumpar", 000039, "ara", "Sales", '5000000', '082272336457');
INSERT INTO orangtua VALUES (111130, 000040, "surya", "Dokter", '10000000', '081278993459', "Sigumpar", 000041, "nevi", "Sales", '5000000', '082272336457');
INSERT INTO orangtua VALUES (111131, 000042, "Sehat", "PNS", '20000000', '081234534656', "Laguboti", 000043, "Roma", "Designer Website", '12000000', '082234123345');
INSERT INTO orangtua VALUES (111132, 000044, "Arnol", "Pengusaha", '15000000', '081384534659', "Sirongit", 000045, "Gia", "Wiraswasta", '15000000', '085634123345');
INSERT INTO orangtua VALUES (111133, 000046, "Lonid", "Dosen", '16000000', '082384567653', "Dolok Sanggul", 000047, "Pia", "Dosen", '16000000', '087734021346');
INSERT INTO orangtua VALUES (111134, 000048, "Hail", "Artis", '10000000', '085389984658', "Laguboti", 000049, "Melati", "Artis", '10000000', '082238873351');
INSERT INTO orangtua VALUES (111135, 000050, "Ohmad", "Wiraswasta", '12000000', '082399844663', "Laguboti", 000031, "Santi", "Wiraswasta", '12000000', '082238224567');
INSERT INTO orangtua VALUES (111136, 000052, "Kani", "Guru", '8000000', '082384738218', "Silaen", 000053, "Rani", "Bidan", '8000000', '082245723349');
INSERT INTO orangtua VALUES (111137, 000054, "Dading", "Dosen", '10000000', '085374589300', "Porsea", 000055, "Ayu", "Dokter", '12000000', '082266234980');
INSERT INTO orangtua VALUES (111138, 000056, "Lartin", "Dokter", '10000000', '081278993459', "Sigumpar", 000057, "Diya", "Sales", '5000000', '082272336457');
INSERT INTO orangtua VALUES (111139, 000058, "Doses", "Dokter", '10000000', '081278993459', "Sigumpar", 000059, "Tiara", "Sales", '5000000', '082272336457');
INSERT INTO orangtua VALUES (111140, 000060, "Wurya", "Dokter", '10000000', '081278993459', "Sigumpar", 000061, "Nevong", "Sales", '5000000', '082272336457');
INSERT INTO orangtua VALUES (111141, 000062, "Justin", "PNS", '20000000', '081234534656', "Laguboti", 000063, "Selli", "Designer Website", '12000000', '082234123345');
INSERT INTO orangtua VALUES (111142, 000064, "dani", "Pengusaha", '15000000', '081384534659', "Sirongit", 000065, "Tia", "Wiraswasta", '15000000', '085634123345');
INSERT INTO orangtua VALUES (111143, 000066, "boni", "Dosen", '16000000', '082384567653', "Dolok Sanggul", 000067, "Lia", "Dosen", '16000000', '087734021346');
INSERT INTO orangtua VALUES (111144, 000068, "Mail", "Artis", '10000000', '085389984658', "Laguboti", 000069, "Bunga", "Artis", '10000000', '082238873351');
INSERT INTO orangtua VALUES (111145, 000070, "ahmad", "Wiraswasta", '12000000', '082399844663', "Laguboti", 000071, "Susi", "Wiraswasta", '12000000', '082238224567');
INSERT INTO orangtua VALUES (111146, 000072, "gani", "Guru", '8000000', '082384738218', "Silaen", 000073, "santi", "Bidan", '8000000', '082245723349');
INSERT INTO orangtua VALUES (111147, 000074, "gading", "Dosen", '10000000', '085374589300', "Porsea", 000075, "grace", "Dokter", '12000000', '082266234980');
INSERT INTO orangtua VALUES (111148, 000076, "martin", "Dokter", '10000000', '081278993459', "Sigumpar", 000077, "hanin", "Sales", '5000000', '082272336457');
INSERT INTO orangtua VALUES (111149, 000078, "moses", "Dokter", '10000000', '081278993459', "Sigumpar", 000079, "ara", "Sales", '5000000', '082272336457');
INSERT INTO orangtua VALUES (111150, 000080, "surya", "Dokter", '10000000', '081278993459', "Sigumpar", 000081, "nevi", "Sales", '5000000', '082272336457');
INSERT INTO orangtua VALUES (111151, 000082, "dani", "Pengusaha", '15000000', '081384534659', "Sirongit", 000083, "Tia", "Wiraswasta", '15000000', '085634123345');
INSERT INTO orangtua VALUES (111152, 000084, "boni", "Dosen", '16000000', '082384567653', "Dolok Sanggul", 000085, "Lia", "Dosen", '16000000', '087734021346');
INSERT INTO orangtua VALUES (111153, 000086, "Mail", "Artis", '10000000', '085389984658', "Laguboti", 000087, "Bunga", "Artis", '10000000', '082238873351');
INSERT INTO orangtua VALUES (111154, 000088, "ahmad", "Wiraswasta", '12000000', '082399844663', "Laguboti", 000089, "Susi", "Wiraswasta", '12000000', '082238224567');
INSERT INTO orangtua VALUES (111155, 000090, "gani", "Guru", '8000000', '082384738218', "Silaen", 000091, "santi", "Bidan", '8000000', '082245723349');
INSERT INTO orangtua VALUES (111156, 000092, "gading", "Dosen", '10000000', '085374589300', "Porsea", 000093, "grace", "Dokter", '12000000', '082266234980');
INSERT INTO orangtua VALUES (111157, 000094, "martin", "Dokter", '10000000', '081278993459', "Sigumpar", 000095, "hanin", "Sales", '5000000', '082272336457');
INSERT INTO orangtua VALUES (111158, 000096, "moses", "Dokter", '10000000', '081278993459', "Sigumpar", 000097, "ara", "Sales", '5000000', '082272336457');
INSERT INTO orangtua VALUES (111159, 000098, "Lartin", "Dokter", '10000000', '081278993459', "Sigumpar", 000099, "Diya", "Sales", '5000000', '082272336457');
INSERT INTO orangtua VALUES (111160, 000100, "surya", "Dokter", '10000000', '081278993459', "Sigumpar", 000101, "nevi", "Sales", '5000000', '082272336457');

/*absensi 7A*/
INSERT INTO `absensi` VALUES ('A11','HHS','ASN1','7A'),('A12','NAB','ASN3','7A'),('A13','SPM','ASN5','7A'),('A21','NAB','ASL1','7A'),('A22','WLS','ASL3','7A'),('A23','WSS','ASL4','7A'),
('A31','SPM','ARB1','7A'),('A32','HHS','ARB3','7A'),('A33','WLS','ARB5','7A'),('A41','WSS','AKM1','7A'),('A42','WLS','AKM2','7A'),('A43','HHS','AKM4','7A'),('A51','HHS','AJM1','7A'),('A52','SPM','AJM3','7A'),('A53','WLS','AJM5','7A'),
('A61','HHS','ASB1','7A'),('A62','WSS','ASB3','7A'),('A63','NAB','ASB5','7A')

/*absensi 7B*/
INSERT INTO `absensi` VALUES 
('B11','NAB','BSN1','7B'),('B12','WSS','BSN3','7B'),
('B13','HHS','BSN5','7B'),('B21','WLS','BSL1','7B'),
('B22','SPM','BSL3','7B'),('B23','HHS','BSL4','7B'),
('B31','HHS','BRB1','7B'),('B32','WLS','BRB3','7B'),
('B33','SPM','BRB5','7B'),('B41','WSS','BKM1','7B'),
('B42','HHS','BKM2','7B'),('B43','HHS','BKM4','7B'),
('B51','SPM','BJM1','7B'),('B52','WSS','BJM3','7B'),
('B53','WLS','BJM5','7B'),('B61','SPM','BSB1','7B'),
('B62','HHS','BSB3','7B'),('B63','NAB','BSB5','7B')

/*absensi 7C*/
INSERT INTO `absensi` VALUES 
('C11','WSS','CSN1','7C'),('C12','NAB','CSN3','7C'),
('C13','WLS','CSN5','7C'),('C21','HHS','CSL1','7C'),
('C22','HHS','CSL3','7C'),('C23','SPM','CSL4','7C'),
('C31','WLS','CRB1','7C'),('C32','HHS','CRB3','7C'),
('C33','WSS','CRB5','7C'),('C41','SPM','CKM1','7C'),
('C42','HHS','CKM2','7C'),('C43','HHS','CKM4','7C'),
('C51','WSS','CJM1','7C'),('C52','SPM','CJM3','7C'),
('C53','SPM','CJM5','7C'),('C61','WLS','CSB1','7C'),
('C62','NAB','CSB3','7C'),('C63','HHS','CSB5','7C')

/*guru*/
INSERT INTO guru VALUES ('HHS','00921347432','if318055','Hansen','Pemrograman','2000-10-10','Medan','Medan'),('NAB','00584354432','if318006','Nevi Banjarnahor','Sseni dan Budaya','2000-05-28','Medan','Dolok Sanggul'),
('SPM','01328475571','if318025','Sopian Manurung','Olahraga','2000-03-23','Lumban Julu','Lumban Julu'),('WLS','00003418234','if318051','Winda Sinurat','Ilmu Pengetahuan dan Sosial','2000-02-27','Porsea','Porsea'),
('WSS','01289341234','if318063','Winda Sinaga','Ilmu Pengetahuan Alam','2000-04-30','Lumban Julu','Dolok Sanggul')

/*jadwal 7A*/
INSERT INTO jadwal VALUES ('ASN1','08:00:00','10:00:00','HHS','7A'),('ASN3','10:00:00','12:00:00','NAB','7A'),('ASN5','12:00:00','13:00:00','SPM','7A'),('ASL1','08:00:00','10:00:00','NAB','7A'),('ASL3','10:00:00','11:00:00','WLS','7A'),
('ASL4','11:00:00','13:00:00','WSS','7A'),('ARB1','08:00:00','10:00:00','SPM','7A'),('ARB3','10:00:00','12:00:00','HHS','7A'),('ARB5','12:00:00','13:00:00','WLS','7A'),('AKM1','08:00:00','09:00:00','WSS','7A'),('AKM2','09:00:00','10:00:00','WLS','7A'),
('AKM4','11:00:00','13:00:00','HHS','7A'),('AJM1','08:00:00','10:00:00','HHS','7A'),('AJM3','10:00:00','12:00:00','SPM','7A'),('AJM5','12:00:00','13:00:00','WLS','7A'),('ASB1','08:00:00','10:00:00','HHS','7A'),('ASB3','08:00:00','12:00:00','WSS','7A'),
('ASB5','12:00:00','13:00:00','NAB','7A')

/*jadwal 7B*/
INSERT INTO jadwal VALUES ('BSN1','08:00:00','10:00:00','NAB','7B'),('BSN3','10:00:00','12:00:00','WSS','7B'),('BSN5','12:00:00','13:00:00','HHS','7B'),('BSL1','08:00:00','10:00:00','WLS','7B'),('BSL3','10:00:00','11:00:00','SPM','7B'),
('BSL4','11:00:00','13:00:00','HHS','7B'),('BRB1','08:00:00','10:00:00','HHS','7B'),('BRB3','10:00:00','12:00:00','HHS','7B'),('BRB5','12:00:00','13:00:00','SPM','7B'),('BKM1','08:00:00','09:00:00','WSS','7B'),('BKM2','09:00:00','10:00:00','HHS','7B'),
('BKM4','11:00:00','13:00:00','HHS','7B'),('BJM1','08:00:00','10:00:00','SPM','7B'),('BJM3','10:00:00','12:00:00','WSS','7B'),('BJM5','12:00:00','13:00:00','WLS','7B'),('BSB1','08:00:00','10:00:00','SPM','7B'),('BSB3','08:00:00','12:00:00','HHS','7B'),
('BSB5','12:00:00','13:00:00','NAB','7B')

/*jadwal 7C*/
INSERT INTO jadwal VALUES 
('CSN1','08:00:00','10:00:00','WSS','7C'),('CSN3','10:00:00','12:00:00','NAB','7C'),
('CSN5','12:00:00','13:00:00','WLS','7C'),('CSL1','08:00:00','10:00:00','HHS','7C'),
('CSL3','10:00:00','11:00:00','HHS','7C'),('CSL4','11:00:00','13:00:00','SPM','7C'),
('CRB1','08:00:00','10:00:00','HHS','7C'),('CRB3','10:00:00','12:00:00','HHS','7C'),
('CRB5','12:00:00','13:00:00','WSS','7C'),('CKM1','08:00:00','09:00:00','SPM','7C'),
('CKM2','09:00:00','10:00:00','HHS','7C'),('CKM4','11:00:00','13:00:00','HHS','7C'),
('CJM1','08:00:00','10:00:00','WSS','7C'),('CJM3','10:00:00','12:00:00','SPM','7C'),
('CJM5','12:00:00','13:00:00','SPM','7C'),('CSB1','08:00:00','10:00:00','WLS','7C'),
('CSB3','08:00:00','12:00:00','NAB','7C'),('CSB5','12:00:00','13:00:00','HHS','7C')


INSERT INTO siswa VALUES ('555551', "Ola", '7A', "Medan", '2000-10-15', 5, 3, 111110, "Laguboti");
INSERT INTO siswa VALUES ('555552', "Alvin", '7A', "Porsea", '2000-11-15', 2, 1, 111116, "Laguboti");
INSERT INTO siswa VALUES ('555553', "Melva", '7A', "Sigumpar", '2000-12-15', 4, 3, 111132, "Laguboti");
INSERT INTO siswa VALUES ('555554', "Eva", '7A', "Laguboti", '2000-10-14', 4, 1, 111132, "Laguboti");
INSERT INTO siswa VALUES ('555555', "Yusi", '7A', "Jakarta", '2000-12-16', 3, 3, 111112, "Laguboti");
INSERT INTO siswa VALUES ('555556', "Yuni", '7A', "Surabaya", '2000-01-01', 4, 2, 111117, "Laguboti");
INSERT INTO siswa VALUES ('555557', "Oki", '7A', "Bekasi", '2000-05-21', 5, 3, 111115, "Laguboti");
INSERT INTO siswa VALUES ('555558', "Ponna", '7A', "Sitoluama", '2000-06-23', 6, 1, 111119, "Laguboti");
INSERT INTO siswa VALUES ('555559', "Dodi", '7A', "Cikarang", '2000-05-24', 4, 2, 111160, "Laguboti");
INSERT INTO siswa VALUES ('555550', "Pratama", '7A', "Aceh", '2000-12-04', 6, 4, 111145, "Laguboti");
INSERT INTO siswa VALUES ('555511', "Hinny", '7A', "Silimbat", '2000-07-06', 5, 3, 111144, "Laguboti");
INSERT INTO siswa VALUES ('555512', "Yogi", '7A', "Laguboti", '2000-04-25', 5, 3, 111122, "Laguboti");
INSERT INTO siswa VALUES ('555513', "Oggy", '7A', "Porsea", '2000-03-05', 5, 3, 111132, "Laguboti");
INSERT INTO siswa VALUES ('555514', "Juan", '7A', "Siraituruk", '2000-06-14', 4, 4, 111123, "Laguboti");
INSERT INTO siswa VALUES ('555515', "Juna", '7A', "Lumban Julu", '2000-03-19', 4, 2, 111134, "Laguboti");
INSERT INTO siswa VALUES ('555516', "Unni", '7A', "Lumban Datu", '2000-02-17', 3, 3, 111143, "Laguboti");
INSERT INTO siswa VALUES ('555517', "Kana", '7A', "Dolok Nauli", '2000-12-25', 3, 1, 111141, "Laguboti");
INSERT INTO siswa VALUES ('555518', "Arlan", '7A', "Medan", '2000-01-05', 3, 3, 111156, "Laguboti");
INSERT INTO siswa VALUES ('555519', "Richard", '7A', "Laguboti", '2000-02-06', 5, 2, 111159, "Laguboti");
INSERT INTO siswa VALUES ('555520', "Ello", '7A', "Medan", '2000-04-13', 4, 1, 111156, "Laguboti");

INSERT INTO siswa VALUES ('222221', "Kio", '7B', "Medan", '2000-11-20', 2, 1, 111111, "Laguboti");
INSERT INTO siswa VALUES ('222222', "Dalvin", '7B', "Porsea", '2000-10-19', 3, 2, 111115, "Laguboti");
INSERT INTO siswa VALUES ('222223', "Selva", '7B', "Sigumpar", '2000-09-18', 6, 3, 111116, "Laguboti");
INSERT INTO siswa VALUES ('222224', "Neva", '7B', "Laguboti", '2000-08-17', 5, 2, 111145, "Laguboti");
INSERT INTO siswa VALUES ('222225', "Lusi", '7B', "Jakarta", '2000-07-16', 4, 4, 111117, "Laguboti");
INSERT INTO siswa VALUES ('222226', "Juni", '7B', "Surabaya", '2000-06-15', 3, 1, 111116, "Laguboti");
INSERT INTO siswa VALUES ('222227', "Joni", '7B', "Bekasi", '2000-05-14', 3, 1, 111115, "Laguboti");
INSERT INTO siswa VALUES ('222228', "Iwan", '7B', "Sitoluama", '2000-04-13', 3, 1, 111116, "Laguboti");
INSERT INTO siswa VALUES ('222229', "Kindy", '7B', "Cikarang", '2000-03-12', 4, 4, 111119, "Laguboti");
INSERT INTO siswa VALUES ('222220', "Pratama", '7B', "Aceh", '2000-02-11', 5, 2, 111121, "Laguboti");
INSERT INTO siswa VALUES ('222211', "Hinny", '7B', "Silimbat", '2000-01-10', 4, 3, 111127, "Laguboti");
INSERT INTO siswa VALUES ('222212', "Yogi", '7B', "Laguboti", '2000-12-09', 4, 2, 111155, "Laguboti");
INSERT INTO siswa VALUES ('222213', "Oggy", '7B', "Porsea", '2000-12-08', 7, 4, 111151, "Laguboti");
INSERT INTO siswa VALUES ('222214', "Juan", '7B', "Siraituruk", '2000-11-07', 4, 1, 111114, "Laguboti");
INSERT INTO siswa VALUES ('222215', "Dissy", '7B', "Lumban Julu", '2000-10-06', 4, 2, 111113, "Laguboti");
INSERT INTO siswa VALUES ('222216', "Unni", '7B', "Lumban Datu", '2000-09-05', 5, 4, 111116, "Laguboti");
INSERT INTO siswa VALUES ('222217', "Kana", '7B', "Dolok Nauli", '2000-08-04', 2, 1, 111119, "Laguboti");
INSERT INTO siswa VALUES ('222218', "Eliezer", '7B', "Medan", '2000-07-03', 1, 1, 111110, "Laguboti");
INSERT INTO siswa VALUES ('222219', "Panji", '7B', "Laguboti", '2000-08-02', 1, 1, 11114, "Laguboti");
INSERT INTO siswa VALUES ('222220', "Yonathan", '7B', "Medan", '2000-06-01', 4, 1, 111150, "Laguboti");

INSERT INTO siswa VALUES ('333331', "Jose", '7C', "Surabaya", '2000-01-01', 3, 4, 111178, "Laguboti");
INSERT INTO siswa VALUES ('333332', "Oki", '7C', "Bekasi", '2000-05-21', 3, 4, 111119, "Laguboti");
INSERT INTO siswa VALUES ('333333', "Ponna", '7C', "Sitoluama", '2000-06-23', 3, 4, 111134, "Laguboti");
INSERT INTO siswa VALUES ('333334', "Dodi", '7C', "Cikarang", '2000-05-24', 3, 4, 111145, "Laguboti");
INSERT INTO siswa VALUES ('333335', "Pratama", '7C', "Aceh", '2000-12-04', 3, 4, 111146, "Laguboti");
INSERT INTO siswa VALUES ('333336', "Hinny", '7C', "Silimbat", '2000-07-06', 3, 4, 111147, "Laguboti");
INSERT INTO siswa VALUES ('333337', "Yogi", '7C', "Laguboti", '2000-04-25', 3, 4, 111160, "Laguboti");
INSERT INTO siswa VALUES ('333338', "Oggy", '7C', "Porsea", '2000-03-05', 3, 4, 111159, "Laguboti");
INSERT INTO siswa VALUES ('333339', "Juan", '7C', "Siraituruk", '2000-06-14', 3, 4, 111145, "Laguboti");
INSERT INTO siswa VALUES ('333330', "Juna", '7C', "Lumban Julu", '2000-03-19', 3, 4, 111141, "Laguboti");
INSERT INTO siswa VALUES ('333311', "Unni", '7C', "Lumban Datu", '2000-02-17', 3, 4, 111140, "Laguboti");
INSERT INTO siswa VALUES ('333312', "Kana", '7C', "Dolok Nauli", '2000-12-25', 3, 4, 111156, "Laguboti");
INSERT INTO siswa VALUES ('333313', "Arlan", '7C', "Medan", '2000-01-05', 3, 4, 111117, "Laguboti");
INSERT INTO siswa VALUES ('333314', "Richard", '7C', "Laguboti", '2000-02-06', 3, 4, 111117, "Laguboti");
INSERT INTO siswa VALUES ('333315', "Ello", '7C', "Medan", '2000-04-13', 3, 4, 111145, "Laguboti");
INSERT INTO siswa VALUES ('333316', "Kio", '7C', "Medan", '2000-11-20', 2, 1, 111155, "Laguboti");
INSERT INTO siswa VALUES ('333317', "Dalvin", '7C', "Porsea", '2000-10-19', 3, 2, 111156, "Laguboti");
INSERT INTO siswa VALUES ('333318', "Selva", '7C', "Sigumpar", '2000-09-18', 6, 3, 111112, "Laguboti");
INSERT INTO siswa VALUES ('333319', "Neva", '7C', "Laguboti", '2000-08-17', 5, 2, 111114, "Laguboti");
INSERT INTO siswa VALUES ('333320', "Lusi", '7C', "Jakarta", '2000-07-16', 4, 4, 111116, "Laguboti");
INSERT INTO siswa VALUES ('333321', "Juni", '7C', "Surabaya", '2000-06-15', 3, 1, 111123, "Laguboti");
INSERT INTO siswa VALUES ('333322', "Joni", '7C', "Bekasi", '2000-05-14', 3, 1, 111127, "Laguboti");
INSERT INTO siswa VALUES ('333323', "Iwan", '7C', "Sitoluama", '2000-04-13', 3, 1, 111146, "Laguboti");
INSERT INTO siswa VALUES ('333324', "Kindy", '7C', "Cikarang", '2000-03-12', 4, 4, 111157, "Laguboti");
INSERT INTO siswa VALUES ('333325', "Kollong", '7C', "Laguboti", '2000-04-25', 3, 4, 111111, "Laguboti");


INSERT INTO siswa VALUES ('999991', "Alvin", '8A', "Porsea", '2000-11-15', 3, 4, 111111, "Laguboti");
INSERT INTO siswa VALUES ('999992', "Melva", '8A', "Sigumpar", '2000-12-15', 3, 4, 111112, "Laguboti");
INSERT INTO siswa VALUES ('999993', "Eva", '8A', "Laguboti", '2000-10-14', 3, 4, 111113, "Laguboti");
INSERT INTO siswa VALUES ('999994', "Yusi", '8A', "Jakarta", '2000-12-16', 3, 4, 111114, "Laguboti");
INSERT INTO siswa VALUES ('999995', "Yuni", '8A', "Surabaya", '2000-01-01', 3, 4, 111115, "Laguboti");
INSERT INTO siswa VALUES ('999996', "Oki", '8A', "Bekasi", '2000-05-21', 3, 4, 111116, "Laguboti");
INSERT INTO siswa VALUES ('999997', "Ponna", '8A', "Sitoluama", '2000-06-23', 3, 4, 111117, "Laguboti");
INSERT INTO siswa VALUES ('999998', "Dodi", '8A', "Cikarang", '2000-05-24', 3, 4, 111118, "Laguboti");
INSERT INTO siswa VALUES ('999999', "Pratama", '8A', "Aceh", '2000-12-04', 3, 4, 111119, "Laguboti");
INSERT INTO siswa VALUES ('999990', "Hinny", '8A', "Silimbat", '2000-07-06', 3, 4, 111110, "Laguboti");
INSERT INTO siswa VALUES ('999911', "Yogi", '8A', "Laguboti", '2000-04-25', 3, 4, 111120, "Laguboti");
INSERT INTO siswa VALUES ('999912', "Oggy", '8A', "Porsea", '2000-03-05', 3, 4, 111121, "Laguboti");
INSERT INTO siswa VALUES ('999913', "Juan", '8A', "Siraituruk", '2000-06-14', 3, 4, 111122, "Laguboti");
INSERT INTO siswa VALUES ('999914', "Juna", '8A', "Lumban Julu", '2000-03-19', 3, 4, 111123, "Laguboti");
INSERT INTO siswa VALUES ('999915', "Unni", '8A', "Lumban Datu", '2000-02-17', 3, 4, 111124, "Laguboti");
INSERT INTO siswa VALUES ('999916', "Kana", '8A', "Dolok Nauli", '2000-12-25', 3, 4, 111125, "Laguboti");
INSERT INTO siswa VALUES ('999917', "Arlan", '8A', "Medan", '2000-01-05', 3, 4, 111126, "Laguboti");
INSERT INTO siswa VALUES ('999918', "Richard", '8A', "Laguboti", '2000-02-06', 3, 4, 111127, "Laguboti");
INSERT INTO siswa VALUES ('999919', "Ello", '8A', "Medan", '2000-04-13', 3, 4, 111128, "Laguboti");
INSERT INTO siswa VALUES ('999920', "Kio", '8A', "Medan", '2000-11-20', 2, 1, 111129, "Laguboti");
INSERT INTO siswa VALUES ('999921', "Dalvin", '8A', "Porsea", '2000-10-19', 3, 2, 111130, "Laguboti");

INSERT INTO siswa VALUES ('111221', "siska", '8B', "Medan", '2000-11-20', 2, 1, 111141, "Laguboti");
INSERT INTO siswa VALUES ('111222', "sendy", '8B', "Porsea", '2000-10-19', 3, 2, 111142, "Laguboti");
INSERT INTO siswa VALUES ('111223', "pitta", '8B', "Sigumpar", '2000-09-18', 6, 3, 111143, "Laguboti");
INSERT INTO siswa VALUES ('111224', "Neva", '8B', "Laguboti", '2000-08-17', 5, 2, 111145, "Laguboti");
INSERT INTO siswa VALUES ('111225', "tiur", '8B', "Jakarta", '2000-07-16', 4, 4, 111144, "Laguboti");
INSERT INTO siswa VALUES ('111226', "Juni", '8B', "Surabaya", '2000-06-15', 3, 1, 111146, "Laguboti");
INSERT INTO siswa VALUES ('111227', "Joni", '8B', "Bekasi", '2000-05-14', 3, 1, 111147, "Laguboti");
INSERT INTO siswa VALUES ('111228', "Iwan", '8B', "Sitoluama", '2000-04-13', 3, 1, 111148, "Laguboti");
INSERT INTO siswa VALUES ('111229', "Kindy", '8B', "Cikarang", '2000-03-12', 4, 4, 111149, "Laguboti");
INSERT INTO siswa VALUES ('111220', "Pratama", '8B', "Aceh", '2000-02-11', 5, 2, 111150, "Laguboti");
INSERT INTO siswa VALUES ('111231', "Hinny", '8B', "Silimbat", '2000-01-10', 4, 3, 111151, "Laguboti");
INSERT INTO siswa VALUES ('111232', "Yogi", '8B', "Laguboti", '2000-12-09', 4, 2, 111152, "Laguboti");
INSERT INTO siswa VALUES ('111233', "Oggy", '8B', "Porsea", '2000-12-08', 7, 4, 111153, "Laguboti");
INSERT INTO siswa VALUES ('111234', "Juan", '8B', "Siraituruk", '2000-11-07', 4, 1, 111154, "Laguboti");
INSERT INTO siswa VALUES ('111235', "Dissy", '8B', "Lumban Julu", '2000-10-06', 4, 2, 111155, "Laguboti");
INSERT INTO siswa VALUES ('111236', "Unni", '8B', "Lumban Datu", '2000-09-05', 5, 4, 111156, "Laguboti");
INSERT INTO siswa VALUES ('111237', "Kana", '8B', "Dolok Nauli", '2000-08-04', 2, 1, 111157, "Laguboti");
INSERT INTO siswa VALUES ('111238', "Eliezer", '8B', "Medan", '2000-07-03', 1, 1, 111158, "Laguboti");
INSERT INTO siswa VALUES ('111239', "Panji", '8B', "Laguboti", '2000-08-02', 1, 1, 111159, "Laguboti");
INSERT INTO siswa VALUES ('111240', "Yonathan", '8B', "Medan", '2000-06-01', 4, 1, 111160, "Laguboti");

INSERT INTO siswa VALUES ('222331', "adi", '8C', "Surabaya", '2000-01-01', 3, 4, 111118, "Laguboti");
INSERT INTO siswa VALUES ('222332', "lucky", '8C', "Bekasi", '2000-05-21', 3, 4, 111119, "Laguboti");
INSERT INTO siswa VALUES ('222333', "donna", '8C', "Sitoluama", '2000-06-23', 3, 4, 111134, "Laguboti");
INSERT INTO siswa VALUES ('222334', "Dodi", '8C', "Cikarang", '2000-05-24', 3, 4, 111145, "Laguboti");
INSERT INTO siswa VALUES ('222335', "Pratama", '8C', "Aceh", '2000-12-04', 3, 4, 111146, "Laguboti");
INSERT INTO siswa VALUES ('222336', "Hinny", '8C', "Silimbat", '2000-07-06', 3, 4, 111147, "Laguboti");
INSERT INTO siswa VALUES ('222337', "Yogi", '8C', "Laguboti", '2000-04-25', 3, 4, 111160, "Laguboti");
INSERT INTO siswa VALUES ('222338', "Oggy", '8C', "Porsea", '2000-03-05', 3, 4, 111159, "Laguboti");
INSERT INTO siswa VALUES ('222339', "Juan", '8C', "Siraituruk", '2000-06-14', 3, 4, 111145, "Laguboti");
INSERT INTO siswa VALUES ('222330', "Juna", '8C', "Lumban Julu", '2000-03-19', 3, 4, 111141, "Laguboti");
INSERT INTO siswa VALUES ('222311', "Unni", '8C', "Lumban Datu", '2000-02-17', 3, 4, 111140, "Laguboti");
INSERT INTO siswa VALUES ('222312', "Kana", '8C', "Dolok Nauli", '2000-12-25', 3, 4, 111156, "Laguboti");
INSERT INTO siswa VALUES ('222313', "Arlan", '8C', "Medan", '2000-01-05', 3, 4, 111140, "Laguboti");
INSERT INTO siswa VALUES ('222314', "Richard", '8C', "Laguboti", '2000-02-06', 3, 4, 111117, "Laguboti");
INSERT INTO siswa VALUES ('222315', "Ello", '8C', "Medan", '2000-04-13', 3, 4, 111145, "Laguboti");
INSERT INTO siswa VALUES ('222316', "Kio", '8C', "Medan", '2000-11-20', 2, 1, 111155, "Laguboti");
INSERT INTO siswa VALUES ('222317', "Dalvin", '8C', "Porsea", '2000-10-19', 3, 2, 111156, "Laguboti");
INSERT INTO siswa VALUES ('222318', "Selva", '8C', "Sigumpar", '2000-09-18', 6, 3, 111112, "Laguboti");
INSERT INTO siswa VALUES ('222319', "Neva", '8C', "Laguboti", '2000-08-17', 5, 2, 111114, "Laguboti");
INSERT INTO siswa VALUES ('222320', "Lusi", '8C', "Jakarta", '2000-07-16', 4, 4, 111116, "Laguboti");
INSERT INTO siswa VALUES ('222321', "Juni", '8C', "Surabaya", '2000-06-15', 3, 1, 111123, "Laguboti");
INSERT INTO siswa VALUES ('222322', "Joni", '8C', "Bekasi", '2000-05-14', 3, 1, 111127, "Laguboti");
INSERT INTO siswa VALUES ('333323', "Iwan", '8C', "Sitoluama", '2000-04-13', 3, 1, 111146, "Laguboti");
INSERT INTO siswa VALUES ('333324', "Kindy", '8C', "Cikarang", '2000-03-12', 4, 4, 111157, "Laguboti");
INSERT INTO siswa VALUES ('333325', "Kollong", '8C', "Laguboti", '2000-04-25', 3, 4, 111111, "Laguboti");

INSERT INTO siswa VALUES ('777551', "Ola", '9A', "Medan", '2000-10-15', 5, 3, 111110, "Laguboti");
INSERT INTO siswa VALUES ('777552', "Alvin", '9A', "Porsea", '2000-11-15', 2, 1, 111116, "Laguboti");
INSERT INTO siswa VALUES ('777553', "Melva", '9A', "Sigumpar", '2000-12-15', 4, 3, 111132, "Laguboti");
INSERT INTO siswa VALUES ('777554', "Eva", '9A', "Laguboti", '2000-10-14', 4, 1, 111132, "Laguboti");
INSERT INTO siswa VALUES ('777555', "Yusi", '9A', "Jakarta", '2000-12-16', 3, 3, 111112, "Laguboti");
INSERT INTO siswa VALUES ('777556', "Yuni", '9A', "Surabaya", '2000-01-01', 4, 2, 111117, "Laguboti");
INSERT INTO siswa VALUES ('777557', "Oki", '9A', "Bekasi", '2000-05-21', 5, 3, 111115, "Laguboti");
INSERT INTO siswa VALUES ('777558', "Ponna", '9A', "Sitoluama", '2000-06-23', 6, 1, 111119, "Laguboti");
INSERT INTO siswa VALUES ('777559', "Dodi", '9A', "Cikarang", '2000-05-24', 4, 2, 111160, "Laguboti");
INSERT INTO siswa VALUES ('777550', "Pratama", '9A', "Aceh", '2000-12-04', 6, 4, 111145, "Laguboti");
INSERT INTO siswa VALUES ('777511', "Hinny", '9A', "Silimbat", '2000-07-06', 5, 3, 111144, "Laguboti");
INSERT INTO siswa VALUES ('777512', "Yogi", '9A', "Laguboti", '2000-04-25', 5, 3, 111122, "Laguboti");
INSERT INTO siswa VALUES ('777513', "Oggy", '9A', "Porsea", '2000-03-05', 5, 3, 111132, "Laguboti");
INSERT INTO siswa VALUES ('777514', "Juan", '9A', "Siraituruk", '2000-06-14', 4, 4, 111123, "Laguboti");
INSERT INTO siswa VALUES ('777515', "Juna", '9A', "Lumban Julu", '2000-03-19', 4, 2, 111134, "Laguboti");
INSERT INTO siswa VALUES ('777516', "Unni", '9A', "Lumban Datu", '2000-02-17', 3, 3, 111143, "Laguboti");
INSERT INTO siswa VALUES ('777517', "Kana", '9A', "Dolok Nauli", '2000-12-25', 3, 1, 111141, "Laguboti");
INSERT INTO siswa VALUES ('777518', "Arlan", '9A', "Medan", '2000-01-05', 3, 3, 111156, "Laguboti");
INSERT INTO siswa VALUES ('777519', "Richard", '9A', "Laguboti", '2000-02-06', 5, 2, 111159, "Laguboti");
INSERT INTO siswa VALUES ('777520', "Ello", '9A', "Medan", '2000-04-13', 4, 1, 111156, "Laguboti");

INSERT INTO siswa VALUES ('888221', "Kio", '9B', "Medan", '2000-11-20', 2, 1, 111111, "Laguboti");
INSERT INTO siswa VALUES ('888222', "Dalvin", '9B', "Porsea", '2000-10-19', 3, 2, 111115, "Laguboti");
INSERT INTO siswa VALUES ('888223', "Selva", '9B', "Sigumpar", '2000-09-18', 6, 3, 111116, "Laguboti");
INSERT INTO siswa VALUES ('888224', "Neva", '9B', "Laguboti", '2000-08-17', 5, 2, 111145, "Laguboti");
INSERT INTO siswa VALUES ('888225', "Lusi", '9B', "Jakarta", '2000-07-16', 4, 4, 111117, "Laguboti");
INSERT INTO siswa VALUES ('888226', "Juni", '9B', "Surabaya", '2000-06-15', 3, 1, 111116, "Laguboti");
INSERT INTO siswa VALUES ('888227', "Joni", '9B', "Bekasi", '2000-05-14', 3, 1, 111115, "Laguboti");
INSERT INTO siswa VALUES ('888228', "Iwan", '9B', "Sitoluama", '2000-04-13', 3, 1, 111116, "Laguboti");
INSERT INTO siswa VALUES ('888229', "Kindy", '9B', "Cikarang", '2000-03-12', 4, 4, 111119, "Laguboti");
INSERT INTO siswa VALUES ('888220', "Pratama", '9B', "Aceh", '2000-02-11', 5, 2, 111121, "Laguboti");
INSERT INTO siswa VALUES ('888211', "Hinny", '9B', "Silimbat", '2000-01-10', 4, 3, 111127, "Laguboti");
INSERT INTO siswa VALUES ('888212', "Yogi", '9B', "Laguboti", '2000-12-09', 4, 2, 111155, "Laguboti");
INSERT INTO siswa VALUES ('888213', "Oggy", '9B', "Porsea", '2000-12-08', 7, 4, 111151, "Laguboti");
INSERT INTO siswa VALUES ('888214', "Juan", '9B', "Siraituruk", '2000-11-07', 4, 1, 111114, "Laguboti");
INSERT INTO siswa VALUES ('888215', "Dissy", '9B', "Lumban Julu", '2000-10-06', 4, 2, 111113, "Laguboti");
INSERT INTO siswa VALUES ('888216', "Unni", '9B', "Lumban Datu", '2000-09-05', 5, 4, 111116, "Laguboti");
INSERT INTO siswa VALUES ('888217', "Kana", '9B', "Dolok Nauli", '2000-08-04', 2, 1, 111119, "Laguboti");
INSERT INTO siswa VALUES ('888218', "Eliezer", '9B', "Medan", '2000-07-03', 1, 1, 111110, "Laguboti");
INSERT INTO siswa VALUES ('888219', "Panji", '9B', "Laguboti", '2000-08-02', 1, 1, 11114, "Laguboti");
INSERT INTO siswa VALUES ('888220', "Yonathan", '9B', "Medan", '2000-06-01', 4, 1, 111150, "Laguboti");

INSERT INTO siswa VALUES ('999331', "Jose", '9C', "Surabaya", '2000-01-01', 3, 4, 111178, "Laguboti");
INSERT INTO siswa VALUES ('999332', "Oki", '9C', "Bekasi", '2000-05-21', 3, 4, 111119, "Laguboti");
INSERT INTO siswa VALUES ('999333', "Ponna", '9C', "Sitoluama", '2000-06-23', 3, 4, 111134, "Laguboti");
INSERT INTO siswa VALUES ('999334', "Dodi", '9C', "Cikarang", '2000-05-24', 3, 4, 111145, "Laguboti");
INSERT INTO siswa VALUES ('999335', "Pratama", '9C', "Aceh", '2000-12-04', 3, 4, 111146, "Laguboti");
INSERT INTO siswa VALUES ('999336', "Hinny", '9C', "Silimbat", '2000-07-06', 3, 4, 111147, "Laguboti");
INSERT INTO siswa VALUES ('999337', "Yogi", '9C', "Laguboti", '2000-04-25', 3, 4, 111160, "Laguboti");
INSERT INTO siswa VALUES ('999338', "Oggy", '9C', "Porsea", '2000-03-05', 3, 4, 111159, "Laguboti");
INSERT INTO siswa VALUES ('999339', "Juan", '9C', "Siraituruk", '2000-06-14', 3, 4, 111145, "Laguboti");
INSERT INTO siswa VALUES ('999330', "Juna", '9C', "Lumban Julu", '2000-03-19', 3, 4, 111141, "Laguboti");
INSERT INTO siswa VALUES ('999311', "Unni", '9C', "Lumban Datu", '2000-02-17', 3, 4, 111140, "Laguboti");
INSERT INTO siswa VALUES ('999312', "Kana", '9C', "Dolok Nauli", '2000-12-25', 3, 4, 111156, "Laguboti");
INSERT INTO siswa VALUES ('999313', "Arlan", '9C', "Medan", '2000-01-05', 3, 4, 111117, "Laguboti");
INSERT INTO siswa VALUES ('999314', "Richard", '9C', "Laguboti", '2000-02-06', 3, 4, 111117, "Laguboti");
INSERT INTO siswa VALUES ('999315', "Ello", '9C', "Medan", '2000-04-13', 3, 4, 111145, "Laguboti");
INSERT INTO siswa VALUES ('999316', "Kio", '9C', "Medan", '2000-11-20', 2, 1, 111155, "Laguboti");
INSERT INTO siswa VALUES ('999317', "Dalvin", '9C', "Porsea", '2000-10-19', 3, 2, 111156, "Laguboti");
INSERT INTO siswa VALUES ('999318', "Selva", '9C', "Sigumpar", '2000-09-18', 6, 3, 111112, "Laguboti");
INSERT INTO siswa VALUES ('999319', "Neva", '9C', "Laguboti", '2000-08-17', 5, 2, 111114, "Laguboti");
INSERT INTO siswa VALUES ('999320', "Lusi", '9C', "Jakarta", '2000-07-16', 4, 4, 111116, "Laguboti");
INSERT INTO siswa VALUES ('999321', "Juni", '9C', "Surabaya", '2000-06-15', 3, 1, 111123, "Laguboti");
INSERT INTO siswa VALUES ('999322', "Joni", '9C', "Bekasi", '2000-05-14', 3, 1, 111127, "Laguboti");
INSERT INTO siswa VALUES ('999323', "Iwan", '9C', "Sitoluama", '2000-04-13', 3, 1, 111146, "Laguboti");
INSERT INTO siswa VALUES ('999324', "Kindy", '9C', "Cikarang", '2000-03-12', 4, 4, 111157, "Laguboti");
INSERT INTO siswa VALUES ('999325', "Kollong", '9C', "Laguboti", '2000-04-25', 3, 4, 111111, "Laguboti");